CustomerID,MonthDate,OriginalFee,DiscountPct,NetMRR,ExpansionMRR,ChurnRate,ChurnStatus,CAC,GrossMarginPct,OperatingMarginPct,CashInflow,CashOutflow
CUST_001,2023-02-01,75,0.2,60,0,0%,0,747,0.66,0.17,65.11,36.28
CUST_001,2023-05-01,200,0.2,210,50,0%,0,1335,0.82,0.21,148.77,86.56
CUST_001,2023-06-01,300,0,300,0,0%,0,1157,0.85,0.26,270.17,170.72
CUST_001,2023-10-01,100,0,150,50,0%,0,1357,0.6,0.13,92.68,58.19
CUST_001,2024-04-01,100,0,125,25,0%,0,1292,0.61,0.28,94.49,51.88
CUST_001,2024-05-01,75,0.15,88.75,25,0%,0,646,0.69,0.21,67.02,27.64
CUST_001,2024-05-01,100,0,100,0,10%,1,1037,0.64,0.32,97.83,52.49
CUST_001,2024-06-01,300,0.2,240,0,0%,0,899,0.74,0.17,251.6,124.03
CUST_001,2024-07-01,200,0,225,25,0%,0,560,0.81,0.13,207.36,107.71
CUST_002,2023-03-01,100,0.2,130,50,0%,0,640,0.65,0.33,78.06,34.7
CUST_002,2023-08-01,50,0.1,95,50,0%,0,533,0.7,0.19,47.41,18.02
CUST_002,2024-02-01,150,0.15,152.5,25,0%,0,1036,0.84,0.15,133.71,57.74
CUST_002,2024-05-01,100,0.15,85,0,9%,1,815,0.65,0.31,87.33,45.27
CUST_002,2024-08-01,75,0,100,25,0%,0,1263,0.62,0.23,73.23,45.34
CUST_002,2024-11-01,300,0,300,0,0%,0,528,0.64,0.13,285.08,158.62
CUST_003,2023-01-01,50,0.1,45,0,0%,0,1239,0.78,0.31,47.83,20.31
CUST_003,2023-08-01,50,0.1,45,0,0%,0,925,0.62,0.26,49.16,28.84
CUST_003,2023-08-01,75,0,75,0,8%,1,1112,0.79,0.26,80.16,48.08
CUST_003,2024-06-01,50,0,50,0,0%,0,314,0.62,0.3,49.67,30.43
CUST_003,2024-10-01,50,0.2,65,25,0%,0,926,0.77,0.24,43.94,23.49
CUST_003,2024-11-01,75,0,100,25,0%,0,542,0.78,0.28,79.88,39.32
CUST_003,2024-11-01,50,0.15,92.5,50,0%,0,335,0.68,0.29,39.19,27.18
CUST_003,2024-12-01,50,0.1,45,0,0%,0,1354,0.68,0.13,48.71,18.03
CUST_004,2023-02-01,150,0.15,127.5,0,13%,1,1136,0.82,0.29,121.75,65.43
CUST_004,2024-01-01,75,0.2,110,50,0%,0,547,0.73,0.19,58.17,32.08
CUST_004,2024-03-01,150,0,175,25,0%,0,889,0.79,0.18,145.3,74.63
CUST_004,2024-11-01,200,0.2,185,25,0%,0,345,0.78,0.27,169,93.93
CUST_005,2023-01-01,100,0.1,140,50,0%,0,416,0.64,0.22,95.59,55.34
CUST_005,2023-04-01,150,0.2,120,0,12%,1,1389,0.7,0.33,131.15,71.72
CUST_005,2023-04-01,100,0,125,25,0%,0,1002,0.74,0.24,105.1,52.05
CUST_005,2023-07-01,150,0.1,135,0,0%,0,1121,0.71,0.26,128.38,70.8
CUST_005,2023-10-01,150,0.1,160,25,0%,0,682,0.73,0.19,136.22,58.37
CUST_005,2024-08-01,200,0,200,0,0%,0,809,0.83,0.17,205.84,120.78
CUST_005,2024-08-01,100,0,100,0,0%,0,1403,0.69,0.28,101.25,60.38
CUST_005,2024-10-01,300,0,325,25,33%,1,350,0.71,0.31,284.58,170.78
CUST_005,2024-11-01,150,0,150,0,0%,0,380,0.62,0.11,149.43,72.76
CUST_005,2024-12-01,50,0.2,40,0,0%,0,454,0.76,0.11,38.84,22.33
CUST_006,2023-01-01,50,0,50,0,0%,0,1282,0.73,0.17,51.1,25.54
CUST_006,2023-02-01,150,0,175,25,0%,0,1455,0.82,0.21,144.72,82.89
CUST_006,2023-12-01,75,0,100,25,10%,1,1366,0.66,0.14,73.68,48
CUST_006,2024-01-01,50,0,50,0,5%,1,458,0.74,0.19,48.86,21.21
CUST_006,2024-01-01,100,0.2,80,0,0%,0,1364,0.82,0.29,79.43,41.89
CUST_006,2024-04-01,50,0,100,50,0%,0,340,0.72,0.11,53.88,24.51
CUST_006,2024-07-01,50,0.2,40,0,0%,0,738,0.68,0.32,38.41,17.45
CUST_006,2024-09-01,50,0.15,67.5,25,0%,0,1254,0.71,0.3,42.72,24.3
CUST_006,2024-11-01,150,0,150,0,0%,0,1491,0.79,0.32,142.07,84.2
CUST_006,2024-12-01,75,0,75,0,0%,0,539,0.74,0.15,72.28,35.61
CUST_007,2023-03-01,50,0,75,25,0%,0,1329,0.85,0.16,54.44,32
CUST_007,2023-12-01,300,0,300,0,0%,0,1494,0.67,0.29,295.3,180.22
CUST_007,2024-03-01,150,0,150,0,0%,0,357,0.68,0.25,137.29,61.84
CUST_007,2024-05-01,200,0,200,0,0%,0,947,0.7,0.33,213.06,104.73
CUST_007,2024-08-01,200,0,200,0,0%,0,827,0.76,0.29,204.42,114.46
CUST_007,2024-08-01,100,0.2,80,0,0%,0,1355,0.79,0.18,86.35,33.79
CUST_008,2023-07-01,300,0.2,265,25,0%,0,1372,0.71,0.26,262.08,112.16
CUST_008,2023-08-01,100,0.15,135,50,14%,1,336,0.63,0.34,76.55,52.84
CUST_008,2023-11-01,75,0,75,0,0%,0,781,0.81,0.32,75.88,45.67
CUST_008,2023-11-01,75,0.2,110,50,11%,1,342,0.65,0.12,61.53,37.82
CUST_008,2023-12-01,100,0.2,80,0,0%,0,901,0.72,0.21,80.93,32.82
CUST_008,2024-04-01,100,0.15,135,50,0%,0,1484,0.75,0.14,90.9,45.24
CUST_009,2023-01-01,50,0.15,67.5,25,7%,1,1449,0.66,0.34,42.41,24.64
CUST_009,2023-02-01,75,0.2,60,0,0%,0,1167,0.83,0.34,58.92,28.9
CUST_009,2023-04-01,300,0.2,240,0,0%,0,662,0.67,0.29,254.02,125.78
CUST_009,2023-10-01,150,0,175,25,18%,1,443,0.77,0.17,154.87,79.04
CUST_009,2023-10-01,75,0,100,25,0%,0,1277,0.72,0.1,71.8,42.33
CUST_009,2024-02-01,200,0.1,180,0,0%,0,1134,0.83,0.23,169.09,93.21
CUST_009,2024-02-01,50,0.2,65,25,0%,0,352,0.62,0.16,40.49,24.52
CUST_009,2024-05-01,150,0.1,135,0,0%,0,888,0.78,0.35,130.83,61.23
CUST_009,2024-06-01,100,0,100,0,10%,1,1321,0.69,0.28,106.65,62.9
CUST_009,2024-06-01,300,0.15,255,0,0%,0,1226,0.8,0.11,273.32,150.08
CUST_009,2024-11-01,300,0,300,0,30%,1,1291,0.75,0.24,318.13,173.62
CUST_010,2023-02-01,200,0,225,25,23%,1,933,0.72,0.25,200.99,118.99
CUST_010,2023-02-01,150,0.15,127.5,0,13%,1,880,0.75,0.12,124.65,54.22
CUST_010,2023-03-01,75,0.2,85,25,0%,0,1265,0.68,0.29,57.08,26.2
CUST_010,2023-04-01,200,0.1,180,0,0%,0,692,0.64,0.12,177.08,109.9
CUST_010,2023-11-01,150,0,200,50,0%,0,1000,0.7,0.13,154.54,89.56
CUST_010,2024-06-01,300,0.2,265,25,0%,0,875,0.85,0.23,257.75,155.25
CUST_010,2024-07-01,100,0.2,80,0,8%,1,648,0.61,0.14,73.89,38.24
CUST_010,2024-08-01,100,0.15,135,50,0%,0,588,0.84,0.14,92.29,38.16
CUST_010,2024-12-01,200,0,200,0,0%,0,978,0.69,0.31,186.98,97.08
CUST_011,2023-10-01,150,0,200,50,0%,0,1475,0.64,0.14,137.51,80.52
CUST_011,2023-10-01,50,0,100,50,0%,0,331,0.76,0.18,54.65,26.07
CUST_011,2023-11-01,300,0.2,240,0,0%,0,1448,0.84,0.23,217.38,108.48
CUST_011,2024-02-01,150,0.15,177.5,50,0%,0,1116,0.82,0.2,137.58,71.26
CUST_011,2024-02-01,75,0.15,63.75,0,0%,0,1410,0.78,0.18,58.5,31.6
CUST_011,2024-04-01,200,0.2,210,50,0%,0,647,0.76,0.11,174.82,92.2
CUST_011,2024-05-01,150,0.15,127.5,0,13%,1,701,0.84,0.31,139.45,63.32
CUST_011,2024-09-01,100,0.15,85,0,0%,0,912,0.72,0.2,85.48,51.46
CUST_011,2024-09-01,200,0.1,180,0,0%,0,895,0.7,0.26,177.2,103.19
CUST_011,2024-10-01,200,0.2,210,50,0%,0,432,0.74,0.27,150.41,99.61
CUST_011,2024-11-01,300,0,350,50,0%,0,509,0.61,0.28,308.48,147.74
CUST_011,2024-11-01,50,0.2,90,50,0%,0,987,0.78,0.29,36.9,19.22
CUST_012,2023-03-01,75,0.2,110,50,11%,1,1167,0.81,0.16,59.53,34.78
CUST_012,2023-05-01,150,0,150,0,0%,0,352,0.73,0.13,138.62,61.16
CUST_012,2023-08-01,50,0.2,90,50,0%,0,1464,0.69,0.1,40.85,18.69
CUST_012,2023-12-01,50,0.1,70,25,7%,1,594,0.84,0.16,45.96,23.29
CUST_012,2024-04-01,75,0.2,60,0,6%,1,873,0.72,0.16,58.68,24.73
CUST_012,2024-05-01,150,0.15,152.5,25,15%,1,1015,0.63,0.11,131.49,81.46
CUST_013,2023-02-01,200,0,200,0,20%,1,1111,0.67,0.24,207.16,117.2
CUST_013,2023-04-01,50,0,75,25,0%,0,812,0.64,0.33,46.26,28.44
CUST_013,2023-09-01,50,0.15,42.5,0,0%,0,341,0.61,0.28,40.83,19.4
CUST_013,2023-11-01,100,0,100,0,10%,1,931,0.64,0.32,105.53,50.69
CUST_013,2024-01-01,300,0.15,280,25,28%,1,459,0.73,0.23,270.57,148.08
CUST_013,2024-01-01,150,0.1,135,0,0%,0,343,0.66,0.33,138.09,57.55
CUST_013,2024-02-01,300,0,350,50,0%,0,766,0.73,0.16,271.82,147.63
CUST_013,2024-07-01,50,0.2,40,0,0%,0,1389,0.72,0.13,43.51,16.6
CUST_013,2024-08-01,200,0,200,0,0%,0,363,0.78,0.25,202.5,110.38
CUST_014,2023-06-01,200,0.2,160,0,16%,1,302,0.65,0.26,146.2,75.25
CUST_014,2023-08-01,300,0.1,270,0,27%,1,347,0.68,0.13,255.24,112.45
CUST_014,2023-11-01,75,0,75,0,0%,0,1486,0.66,0.32,70.75,48.45
CUST_015,2023-01-01,200,0.2,160,0,0%,0,447,0.72,0.23,144.26,95.89
CUST_015,2024-02-01,75,0.1,92.5,25,0%,0,1419,0.61,0.23,71.51,43.46
CUST_015,2024-03-01,150,0.2,145,25,0%,0,1439,0.72,0.16,125.53,48.86
CUST_015,2024-05-01,75,0.1,67.5,0,7%,1,748,0.67,0.29,69.98,28.42
CUST_015,2024-09-01,300,0.2,290,50,29%,1,335,0.76,0.24,257.69,104.62
CUST_015,2024-12-01,100,0.2,130,50,13%,1,616,0.8,0.26,86.53,34.45
CUST_016,2023-01-01,100,0.2,80,0,0%,0,1368,0.73,0.27,78.83,34.69
CUST_016,2023-02-01,50,0.2,90,50,0%,0,1465,0.71,0.13,38.12,19.5
CUST_016,2023-11-01,50,0.15,42.5,0,0%,0,1323,0.62,0.33,44.4,18.55
CUST_016,2023-11-01,50,0,100,50,10%,1,467,0.81,0.14,46.42,27.32
CUST_016,2023-12-01,75,0.15,63.75,0,0%,0,1484,0.82,0.18,60.17,30.19
CUST_016,2024-01-01,50,0,50,0,0%,0,1414,0.71,0.31,50.51,29.67
CUST_016,2024-04-01,75,0.2,60,0,0%,0,358,0.84,0.2,63.37,37.35
CUST_016,2024-11-01,50,0.1,45,0,5%,1,1268,0.66,0.23,45.7,22.67
CUST_017,2023-02-01,300,0.2,265,25,0%,0,457,0.74,0.11,254.21,126.87
CUST_017,2023-07-01,300,0,325,25,0%,0,1262,0.7,0.28,301.18,159.47
CUST_017,2023-10-01,200,0,225,25,0%,0,1486,0.7,0.13,207,82.28
CUST_017,2024-01-01,50,0,75,25,0%,0,401,0.7,0.21,45.23,25.22
CUST_017,2024-04-01,75,0.15,63.75,0,0%,0,957,0.67,0.12,68.87,30.11
CUST_017,2024-05-01,300,0,300,0,30%,1,424,0.83,0.32,292.54,128.77
CUST_018,2023-10-01,100,0,100,0,0%,0,584,0.68,0.19,98.35,48.39
CUST_018,2023-11-01,100,0.15,85,0,0%,0,1376,0.84,0.28,89.73,39.29
CUST_018,2024-06-01,200,0,200,0,0%,0,607,0.73,0.15,181.26,95.54
CUST_018,2024-09-01,75,0.2,60,0,0%,0,1143,0.68,0.24,58.01,35.52
CUST_019,2023-04-01,300,0,300,0,30%,1,1237,0.73,0.16,309.57,186.48
CUST_019,2023-04-01,200,0,200,0,20%,1,1322,0.76,0.27,218.49,121.3
CUST_019,2023-06-01,150,0,150,0,0%,0,818,0.67,0.3,152.92,73.1
CUST_019,2023-12-01,200,0.15,170,0,0%,0,935,0.8,0.21,166.97,98.49
CUST_019,2024-06-01,100,0,100,0,0%,0,1476,0.62,0.26,95.62,46.79
CUST_019,2024-08-01,150,0.2,170,50,0%,0,611,0.77,0.27,124.28,71.03
CUST_019,2024-09-01,200,0.2,160,0,16%,1,1165,0.82,0.2,175,79.72
CUST_019,2024-10-01,150,0.15,177.5,50,0%,0,1084,0.77,0.21,134.68,72.82
CUST_020,2023-01-01,50,0.1,70,25,0%,0,314,0.8,0.16,46.08,20.85
CUST_020,2023-02-01,75,0.2,110,50,0%,0,1093,0.61,0.1,65.93,27.86
CUST_020,2023-05-01,150,0,175,25,18%,1,1041,0.8,0.19,144.01,78.9
CUST_020,2023-05-01,200,0.15,170,0,17%,1,1473,0.77,0.26,153.21,107.31
CUST_020,2023-05-01,150,0,150,0,15%,1,1304,0.8,0.14,150.99,80.5
CUST_020,2023-08-01,50,0.15,42.5,0,0%,0,385,0.73,0.23,45.93,21.22
CUST_020,2024-11-01,75,0.2,85,25,0%,0,339,0.83,0.33,63.4,29.07
CUST_021,2023-01-01,150,0,150,0,0%,0,1224,0.66,0.17,150.27,71.2
CUST_021,2023-05-01,50,0.15,42.5,0,0%,0,490,0.83,0.26,40.05,26.44
CUST_021,2024-12-01,150,0.1,160,25,16%,1,985,0.72,0.13,135.4,56.33
CUST_021,2024-12-01,200,0,200,0,0%,0,1053,0.65,0.33,184.38,96
CUST_021,2024-12-01,300,0,300,0,30%,1,1001,0.62,0.29,274.65,188.28
CUST_021,2024-12-01,200,0,225,25,0%,0,902,0.61,0.21,195.24,100.12
CUST_022,2023-10-01,100,0,100,0,10%,1,1082,0.63,0.27,95.25,60.09
CUST_022,2023-11-01,75,0,125,50,0%,0,374,0.82,0.28,81.75,35.07
CUST_022,2023-12-01,50,0,50,0,0%,0,1170,0.71,0.31,49.84,21.35
CUST_022,2024-02-01,75,0.2,60,0,0%,0,1146,0.83,0.17,58.47,30.77
CUST_022,2024-05-01,75,0.15,63.75,0,0%,0,1108,0.84,0.24,58.29,30.92
CUST_022,2024-10-01,300,0,325,25,0%,0,1094,0.62,0.2,315.21,152.88
CUST_023,2023-09-01,50,0.2,90,50,0%,0,1154,0.78,0.29,36.06,19.42
CUST_023,2023-10-01,300,0,300,0,30%,1,433,0.7,0.23,299.18,177.26
CUST_023,2023-12-01,50,0.1,45,0,5%,1,933,0.61,0.28,46.08,23.98
CUST_023,2024-05-01,50,0.1,45,0,0%,0,751,0.72,0.28,47.69,28.12
CUST_023,2024-07-01,50,0.1,95,50,0%,0,701,0.61,0.2,45.35,28.03
CUST_023,2024-08-01,150,0.2,145,25,15%,1,834,0.85,0.33,112.93,55.62
CUST_023,2024-09-01,300,0.1,295,25,0%,0,562,0.72,0.32,247.97,144.35
CUST_023,2024-11-01,100,0,150,50,15%,1,1138,0.63,0.28,91.89,42.07
CUST_024,2023-01-01,100,0,100,0,0%,0,314,0.84,0.21,101.37,48.4
CUST_024,2023-01-01,50,0.15,92.5,50,0%,0,783,0.8,0.13,40.51,17.37
CUST_024,2023-08-01,300,0.1,320,50,0%,0,1011,0.66,0.13,273.69,173.25
CUST_024,2023-10-01,300,0,350,50,0%,0,961,0.76,0.29,320.72,177.59
CUST_024,2023-11-01,50,0,50,0,0%,0,466,0.61,0.28,52.43,22.98
CUST_024,2023-12-01,75,0.15,63.75,0,0%,0,1174,0.77,0.34,64.56,29.87
CUST_025,2023-03-01,150,0.2,120,0,12%,1,340,0.7,0.22,124.89,51.69
CUST_025,2023-09-01,150,0.1,135,0,0%,0,1305,0.74,0.16,143.42,63.94
CUST_025,2023-10-01,300,0,325,25,0%,0,317,0.82,0.28,296.83,121.9
CUST_025,2024-02-01,75,0,125,50,0%,0,446,0.84,0.28,77.89,40.29
CUST_025,2024-03-01,50,0.2,65,25,0%,0,944,0.62,0.31,39.56,22.57
CUST_025,2024-04-01,300,0,300,0,0%,0,591,0.79,0.22,305.42,191.15
CUST_025,2024-07-01,150,0.2,145,25,0%,0,1059,0.72,0.33,122.87,58.15
CUST_025,2024-08-01,75,0,75,0,0%,0,325,0.75,0.35,81.04,37.09
CUST_025,2024-08-01,75,0,100,25,0%,0,895,0.79,0.2,71.78,48.43
CUST_025,2024-10-01,100,0,125,25,0%,0,402,0.69,0.32,107.5,55.37
CUST_026,2023-03-01,50,0.15,42.5,0,0%,0,1380,0.73,0.34,41.38,25.38
CUST_026,2023-04-01,50,0.15,92.5,50,0%,0,342,0.66,0.19,44.93,18.1
CUST_026,2024-11-01,200,0.2,210,50,0%,0,848,0.73,0.3,156.42,69.71
CUST_027,2024-03-01,200,0,200,0,20%,1,897,0.79,0.3,196.03,102.28
CUST_027,2024-03-01,150,0,175,25,0%,0,1066,0.72,0.23,162.57,87.6
CUST_027,2024-04-01,100,0.1,115,25,12%,1,696,0.8,0.24,93.99,36.59
CUST_027,2024-07-01,100,0.15,110,25,0%,0,1118,0.79,0.17,91.89,45.74
CUST_027,2024-10-01,300,0.1,270,0,0%,0,1368,0.65,0.22,248.72,174.42
CUST_028,2023-03-01,50,0,50,0,0%,0,430,0.84,0.28,48.11,23.23
CUST_028,2024-03-01,50,0.2,65,25,7%,1,1102,0.76,0.18,42.78,23.93
CUST_028,2024-08-01,200,0,200,0,0%,0,884,0.64,0.13,210.17,89.38
CUST_028,2024-10-01,100,0.1,140,50,0%,0,1347,0.82,0.29,94.61,56.96
CUST_029,2023-01-01,50,0.1,95,50,0%,0,1028,0.67,0.23,42.76,25.29
CUST_029,2023-02-01,150,0,175,25,0%,0,1470,0.64,0.24,135.16,71.5
CUST_029,2023-04-01,300,0,300,0,0%,0,1155,0.68,0.14,276.97,184.67
CUST_029,2023-05-01,75,0,125,50,0%,0,1458,0.73,0.16,68.5,32.69
CUST_029,2023-06-01,75,0.2,60,0,0%,0,1406,0.8,0.29,55.51,37.36
CUST_029,2023-09-01,50,0,100,50,0%,0,677,0.85,0.18,48.06,28.84
CUST_029,2024-03-01,100,0.2,80,0,8%,1,356,0.73,0.17,79.22,46.89
CUST_030,2023-01-01,50,0.2,65,25,0%,0,1017,0.68,0.33,36.51,20.82
CUST_030,2023-03-01,200,0.2,210,50,0%,0,1322,0.73,0.1,173.26,98.54
CUST_030,2023-05-01,200,0,225,25,23%,1,637,0.66,0.22,217.76,110.26
CUST_030,2023-06-01,300,0,325,25,0%,0,677,0.64,0.11,306.73,138.09
CUST_030,2023-10-01,200,0,200,0,0%,0,1282,0.72,0.28,187.31,115.02
CUST_030,2023-11-01,300,0.2,240,0,0%,0,815,0.67,0.21,249.49,143.89
CUST_030,2023-11-01,300,0,300,0,0%,0,594,0.74,0.21,305.77,175.8
CUST_030,2024-09-01,100,0,100,0,0%,0,660,0.8,0.29,98.76,62.02
CUST_030,2024-11-01,200,0.1,230,50,0%,0,1218,0.84,0.3,192.72,114.57
CUST_031,2023-02-01,100,0.1,115,25,0%,0,1162,0.72,0.34,89.9,38.27
CUST_031,2023-07-01,75,0,75,0,0%,0,452,0.69,0.22,71.73,38.63
CUST_031,2023-10-01,200,0,225,25,0%,0,617,0.64,0.29,191.32,120
CUST_031,2023-11-01,200,0,200,0,0%,0,1176,0.82,0.3,196.69,88.19
CUST_031,2023-12-01,200,0,250,50,25%,1,1400,0.64,0.2,217.58,90.65
CUST_031,2024-05-01,300,0.2,240,0,24%,1,518,0.6,0.11,236.69,126.73
CUST_031,2024-05-01,100,0.15,85,0,0%,0,716,0.77,0.16,87.85,53.76
CUST_031,2024-07-01,50,0.1,45,0,0%,0,515,0.82,0.28,45.87,21.86
CUST_031,2024-09-01,300,0,300,0,30%,1,438,0.82,0.13,274.77,145.89
CUST_031,2024-12-01,300,0,300,0,30%,1,877,0.66,0.19,320.38,148.82
CUST_032,2023-10-01,50,0.2,40,0,0%,0,1188,0.61,0.22,42.69,17.88
CUST_033,2023-04-01,75,0.15,113.75,50,0%,0,409,0.63,0.32,59.48,34.84
CUST_033,2023-05-01,200,0,225,25,0%,0,1356,0.7,0.14,199.03,100.08
CUST_033,2023-11-01,200,0.1,180,0,0%,0,691,0.79,0.2,172.19,116.37
CUST_033,2024-07-01,50,0.15,92.5,50,9%,1,714,0.84,0.3,39.54,18.09
CUST_033,2024-10-01,300,0,350,50,0%,0,637,0.65,0.21,306.52,148.9
CUST_033,2024-12-01,200,0,250,50,0%,0,341,0.84,0.24,203.13,92.78
CUST_033,2024-12-01,300,0.15,305,50,31%,1,984,0.6,0.29,241.51,116.68
CUST_034,2023-04-01,300,0.1,270,0,0%,0,1166,0.63,0.28,243.39,140.46
CUST_034,2023-12-01,300,0,325,25,0%,0,668,0.71,0.24,323.62,180.44
CUST_034,2024-03-01,100,0,125,25,0%,0,380,0.8,0.29,92.46,53.47
CUST_034,2024-06-01,300,0.15,255,0,0%,0,1428,0.74,0.18,271.25,137.94
CUST_035,2023-01-01,200,0.1,180,0,0%,0,741,0.72,0.24,185.96,91.49
CUST_035,2023-11-01,200,0,225,25,0%,0,829,0.66,0.19,195.44,91.65
CUST_035,2024-05-01,75,0.15,113.75,50,0%,0,1142,0.77,0.17,68.62,29.84
CUST_035,2024-06-01,200,0,200,0,0%,0,1437,0.7,0.31,212.73,86.26
CUST_035,2024-11-01,300,0,350,50,0%,0,786,0.81,0.35,312.92,125.74
CUST_036,2023-05-01,50,0.15,92.5,50,0%,0,818,0.62,0.28,44.21,21.71
CUST_036,2024-04-01,50,0,75,25,0%,0,1417,0.63,0.19,54.66,26.76
CUST_036,2024-06-01,100,0.15,85,0,0%,0,1480,0.61,0.34,92.13,50.67
CUST_037,2023-01-01,100,0,125,25,0%,0,643,0.64,0.21,102.79,56.11
CUST_037,2023-02-01,75,0,75,0,0%,0,705,0.82,0.16,76.29,34.32
CUST_037,2023-03-01,300,0,325,25,0%,0,390,0.69,0.29,281.75,155.75
CUST_037,2023-07-01,200,0,200,0,0%,0,1179,0.71,0.34,190.53,114.34
CUST_037,2024-01-01,75,0,75,0,0%,0,818,0.73,0.29,82.21,34.44
CUST_037,2024-05-01,300,0.1,270,0,0%,0,468,0.79,0.22,249.07,156.83
CUST_037,2024-07-01,200,0,225,25,0%,0,1201,0.78,0.18,189.88,100.64
CUST_037,2024-07-01,150,0,150,0,0%,0,713,0.78,0.14,149.28,72.42
CUST_038,2023-04-01,75,0.15,63.75,0,0%,0,748,0.83,0.21,66.59,38.52
CUST_038,2023-05-01,300,0,325,25,33%,1,310,0.82,0.23,298,187.43
CUST_038,2023-09-01,75,0,75,0,8%,1,682,0.74,0.18,71.58,32.92
CUST_038,2024-01-01,200,0.15,220,50,0%,0,576,0.77,0.29,164.58,72.09
CUST_038,2024-03-01,150,0,175,25,18%,1,913,0.74,0.15,158.03,62.85
CUST_038,2024-03-01,300,0,325,25,0%,0,1450,0.67,0.14,313.23,122.98
CUST_038,2024-07-01,200,0.15,170,0,0%,0,593,0.65,0.33,181.44,85.58
CUST_038,2024-11-01,50,0.1,45,0,0%,0,1445,0.77,0.34,41.52,24.35
CUST_039,2023-01-01,150,0,150,0,0%,0,306,0.84,0.33,161.27,90.6
CUST_039,2023-05-01,150,0.1,160,25,16%,1,352,0.64,0.19,121.52,74.77
CUST_039,2023-06-01,150,0.1,185,50,0%,0,505,0.69,0.17,125.93,70.18
CUST_039,2023-10-01,100,0,150,50,0%,0,690,0.61,0.23,105.63,45.79
CUST_039,2023-11-01,200,0.15,170,0,17%,1,562,0.83,0.1,175.79,93.3
CUST_039,2023-12-01,50,0.15,67.5,25,0%,0,463,0.81,0.32,40.57,24.99
CUST_039,2024-05-01,300,0.15,280,25,0%,0,982,0.68,0.15,247.95,144.59
CUST_039,2024-06-01,75,0.15,113.75,50,0%,0,1396,0.69,0.29,64.09,37.93
CUST_039,2024-11-01,150,0,150,0,0%,0,337,0.65,0.2,151.47,87.47
CUST_040,2023-03-01,50,0,50,0,5%,1,1013,0.67,0.17,45.88,21.48
CUST_040,2024-01-01,300,0.15,280,25,0%,0,1145,0.67,0.33,254.37,129.94
CUST_040,2024-09-01,150,0,150,0,0%,0,1110,0.66,0.32,147.29,91.63
CUST_040,2024-11-01,50,0,50,0,0%,0,1299,0.7,0.24,48.5,30.16
CUST_041,2023-02-01,100,0,100,0,0%,0,589,0.69,0.27,95.71,51.81
CUST_041,2023-11-01,50,0.2,65,25,0%,0,735,0.73,0.13,43.25,22.22
CUST_041,2023-11-01,75,0.1,92.5,25,0%,0,1301,0.71,0.3,69.76,40.71
CUST_041,2023-11-01,300,0,300,0,0%,0,1476,0.67,0.23,326.01,144.98
CUST_041,2024-01-01,50,0.2,65,25,0%,0,1459,0.61,0.26,39.49,23.1
CUST_041,2024-03-01,100,0,100,0,0%,0,675,0.74,0.27,99.51,64.7
CUST_041,2024-03-01,75,0,125,50,0%,0,368,0.64,0.15,80.5,35.27
CUST_042,2023-03-01,200,0.15,195,25,20%,1,755,0.61,0.32,161.75,75.35
CUST_042,2023-03-01,100,0.2,80,0,0%,0,1180,0.71,0.33,85.14,41.93
CUST_042,2023-04-01,300,0,325,25,0%,0,1411,0.63,0.27,323.47,130.19
CUST_042,2024-06-01,100,0,100,0,0%,0,1248,0.61,0.26,107.62,41.69
CUST_042,2024-08-01,200,0.15,195,25,0%,0,1209,0.74,0.28,170.83,86.78
CUST_043,2023-02-01,50,0.2,40,0,0%,0,500,0.67,0.3,39.98,21.87
CUST_043,2023-12-01,75,0.1,67.5,0,7%,1,682,0.74,0.11,61.47,38.25
CUST_043,2023-12-01,300,0.15,255,0,26%,1,509,0.6,0.34,251.08,123.35
CUST_043,2024-10-01,75,0.15,113.75,50,11%,1,1345,0.67,0.22,60.41,37.69
CUST_044,2023-02-01,50,0,50,0,0%,0,1306,0.76,0.33,54.63,27.31
CUST_044,2023-02-01,200,0,225,25,23%,1,681,0.67,0.21,217.16,88.95
CUST_044,2023-02-01,75,0.1,67.5,0,7%,1,340,0.76,0.25,71.96,38.38
CUST_044,2024-07-01,200,0,250,50,0%,0,588,0.75,0.21,211.92,107.21
CUST_045,2023-03-01,100,0.1,90,0,0%,0,991,0.63,0.3,87.76,36.32
CUST_045,2023-04-01,75,0.15,113.75,50,0%,0,561,0.77,0.26,63,40.07
CUST_045,2023-06-01,150,0.2,120,0,0%,0,571,0.69,0.19,117.33,68.44
CUST_045,2023-12-01,75,0,75,0,0%,0,851,0.85,0.22,74.25,45.91
CUST_045,2024-01-01,200,0.2,160,0,0%,0,798,0.71,0.28,145.24,103.86
CUST_045,2024-02-01,50,0.15,92.5,50,0%,0,743,0.65,0.35,44.11,26.9
CUST_045,2024-05-01,75,0,125,50,0%,0,365,0.68,0.31,78.15,39.55
CUST_045,2024-07-01,50,0.1,70,25,7%,1,718,0.79,0.32,45.86,22.66
CUST_046,2023-06-01,150,0,200,50,0%,0,1452,0.72,0.11,158.41,62.84
CUST_046,2023-07-01,75,0,75,0,0%,0,724,0.77,0.21,70.2,41.57
CUST_046,2023-09-01,300,0.15,255,0,26%,1,686,0.67,0.17,252.9,162.14
CUST_046,2024-01-01,100,0.15,135,50,14%,1,423,0.81,0.2,87.6,41.23
CUST_046,2024-06-01,75,0.1,92.5,25,0%,0,1386,0.71,0.34,68.92,32.95
CUST_046,2024-07-01,75,0.1,67.5,0,0%,0,889,0.61,0.3,71.66,29.34
CUST_046,2024-08-01,300,0.2,290,50,29%,1,1150,0.85,0.17,224.23,149.57
CUST_046,2024-08-01,100,0.1,115,25,0%,0,1489,0.78,0.17,84.62,44.04
CUST_046,2024-10-01,50,0.15,67.5,25,0%,0,864,0.61,0.28,44.89,20.09
CUST_047,2023-03-01,200,0,200,0,0%,0,589,0.61,0.12,202.16,89.71
CUST_047,2023-03-01,75,0,125,50,0%,0,573,0.73,0.25,78.09,38.55
CUST_047,2023-04-01,50,0.2,40,0,0%,0,1355,0.76,0.15,43.26,23.48
CUST_047,2023-08-01,75,0,75,0,0%,0,897,0.74,0.2,79.73,36.51
CUST_047,2023-10-01,150,0.2,170,50,0%,0,1196,0.71,0.2,123.88,48.31
CUST_047,2024-05-01,75,0,75,0,0%,0,756,0.61,0.17,72.87,32.88
CUST_047,2024-08-01,50,0.15,92.5,50,0%,0,725,0.75,0.32,44.33,17.84
CUST_047,2024-09-01,300,0,350,50,0%,0,717,0.79,0.15,300.83,157.96
CUST_047,2024-12-01,75,0.15,113.75,50,0%,0,536,0.83,0.33,69.41,40.2
CUST_048,2023-04-01,300,0,325,25,0%,0,1482,0.74,0.32,294.61,172.51
CUST_048,2023-04-01,300,0,325,25,0%,0,886,0.76,0.22,286.17,142.33
CUST_048,2023-05-01,75,0.15,113.75,50,11%,1,835,0.73,0.12,60.8,33.47
CUST_048,2023-06-01,300,0.15,255,0,26%,1,751,0.68,0.25,277.14,162.79
CUST_048,2023-06-01,50,0,100,50,0%,0,1288,0.62,0.2,46.54,27.19
CUST_048,2023-07-01,200,0.2,185,25,19%,1,1229,0.82,0.34,162.13,79.52
CUST_048,2023-07-01,300,0,325,25,0%,0,1186,0.63,0.26,287.91,146.89
CUST_048,2024-02-01,75,0,75,0,0%,0,948,0.62,0.16,71.63,31.46
CUST_048,2024-04-01,200,0,250,50,0%,0,1326,0.66,0.18,196.65,105.27
CUST_048,2024-05-01,100,0.2,130,50,0%,0,570,0.65,0.2,84.29,38.92
CUST_048,2024-07-01,50,0,50,0,0%,0,849,0.72,0.17,50.69,21.34
CUST_048,2024-10-01,150,0.1,160,25,0%,0,814,0.66,0.18,137.27,69.07
CUST_048,2024-12-01,100,0.1,90,0,0%,0,835,0.72,0.13,88.8,53.48
CUST_048,2024-12-01,75,0.1,92.5,25,0%,0,561,0.79,0.17,71.79,37.51
CUST_049,2023-05-01,75,0.15,63.75,0,0%,0,1374,0.65,0.32,57.82,32.28
CUST_049,2023-09-01,300,0.2,265,25,0%,0,1288,0.81,0.33,261.19,141.41
CUST_049,2023-12-01,200,0,250,50,0%,0,1367,0.68,0.24,183.75,120.04
CUST_049,2024-06-01,300,0.15,305,50,0%,0,603,0.74,0.22,263.57,163.01
CUST_050,2023-06-01,50,0.1,95,50,0%,0,343,0.7,0.29,44.37,24.99
CUST_050,2023-09-01,300,0,300,0,30%,1,770,0.8,0.2,273.16,148.93
CUST_050,2024-03-01,200,0.1,180,0,0%,0,499,0.66,0.24,166.98,106.83
CUST_050,2024-08-01,50,0.2,65,25,0%,0,679,0.64,0.33,42.83,21.26
CUST_050,2024-11-01,100,0,100,0,0%,0,927,0.68,0.23,98.68,51.67
CUST_050,2024-12-01,75,0,100,25,0%,0,570,0.74,0.24,72.19,39.16
CUST_051,2023-04-01,50,0.1,45,0,5%,1,754,0.7,0.27,48.86,24.17
CUST_051,2023-05-01,200,0.2,160,0,0%,0,599,0.72,0.19,161,103.39
CUST_051,2023-11-01,75,0,75,0,0%,0,1377,0.72,0.34,69.59,36.96
CUST_051,2024-01-01,150,0.2,170,50,0%,0,1384,0.73,0.18,109.57,51.84
CUST_051,2024-06-01,150,0.1,185,50,0%,0,552,0.71,0.22,139.15,76.08
CUST_051,2024-07-01,300,0.15,255,0,0%,0,660,0.67,0.23,253.39,163.7
CUST_051,2024-12-01,300,0.15,305,50,0%,0,1276,0.68,0.32,260.15,119.41
CUST_052,2023-05-01,200,0,200,0,20%,1,495,0.62,0.33,183.89,103.76
CUST_052,2023-09-01,300,0,300,0,0%,0,1356,0.75,0.31,286.93,154.03
CUST_052,2023-12-01,300,0,325,25,33%,1,641,0.8,0.31,284.49,157.01
CUST_052,2024-01-01,100,0,100,0,10%,1,491,0.73,0.26,101.75,44.41
CUST_053,2023-02-01,50,0.15,67.5,25,0%,0,1400,0.64,0.12,45.21,23.68
CUST_053,2023-07-01,150,0,175,25,0%,0,891,0.64,0.12,162.32,85.5
CUST_053,2023-09-01,100,0,150,50,0%,0,930,0.64,0.29,92.55,42.28
CUST_053,2023-09-01,50,0,75,25,0%,0,1318,0.61,0.17,46.52,25.99
CUST_053,2024-02-01,200,0.2,210,50,0%,0,995,0.62,0.18,150.44,84.83
CUST_053,2024-03-01,50,0.15,42.5,0,0%,0,443,0.63,0.34,43.65,17.18
CUST_053,2024-05-01,200,0.1,180,0,0%,0,1146,0.61,0.17,171.98,77.43
CUST_053,2024-12-01,100,0.15,85,0,0%,0,1105,0.65,0.2,91.19,44.8
CUST_054,2023-01-01,200,0.15,170,0,17%,1,1353,0.68,0.12,181.15,89.21
CUST_054,2023-03-01,50,0,50,0,5%,1,838,0.63,0.26,46.29,22.15
CUST_054,2023-06-01,50,0.2,90,50,9%,1,844,0.83,0.25,42.3,20.35
CUST_054,2023-10-01,100,0,100,0,0%,0,473,0.7,0.2,109.37,46.6
CUST_054,2024-04-01,50,0.15,42.5,0,0%,0,1028,0.81,0.19,40.51,21.43
CUST_054,2024-06-01,50,0,75,25,0%,0,578,0.76,0.14,48.09,30.1
CUST_054,2024-10-01,75,0.15,88.75,25,9%,1,876,0.76,0.27,67.64,37.55
CUST_055,2023-04-01,50,0.1,70,25,7%,1,874,0.8,0.23,44.71,28.01
CUST_055,2023-11-01,100,0.15,85,0,0%,0,613,0.82,0.12,83.71,53.19
CUST_055,2023-11-01,300,0.2,290,50,0%,0,1087,0.62,0.21,240.67,153.23
CUST_055,2024-04-01,300,0,300,0,30%,1,775,0.76,0.22,298.38,155.57
CUST_055,2024-08-01,50,0.1,45,0,0%,0,616,0.68,0.26,45.89,23.92
CUST_055,2024-08-01,100,0.2,80,0,0%,0,500,0.74,0.27,75.99,43
CUST_056,2023-01-01,50,0,75,25,8%,1,606,0.71,0.12,52.83,24.19
CUST_056,2023-02-01,75,0.15,113.75,50,0%,0,858,0.61,0.29,68.63,36.73
CUST_056,2023-03-01,100,0,125,25,0%,0,1245,0.74,0.15,90.38,41.72
CUST_056,2023-04-01,150,0,175,25,0%,0,571,0.8,0.27,150.56,73.5
CUST_056,2023-11-01,200,0,250,50,0%,0,1380,0.81,0.12,188.44,103.26
CUST_056,2024-02-01,200,0.2,160,0,0%,0,473,0.81,0.19,174.39,74.61
CUST_056,2024-03-01,100,0.2,105,25,0%,0,1061,0.78,0.31,77.77,51.8
CUST_056,2024-05-01,200,0,200,0,0%,0,995,0.61,0.35,212.75,111.83
CUST_056,2024-10-01,50,0.15,42.5,0,0%,0,590,0.66,0.24,45.98,18.41
CUST_056,2024-10-01,75,0.1,67.5,0,0%,0,498,0.79,0.13,60.99,41.75
CUST_056,2024-11-01,300,0,300,0,0%,0,604,0.66,0.33,296.94,143.15
CUST_057,2023-02-01,200,0.1,205,25,0%,0,989,0.74,0.33,187.29,76.38
CUST_057,2023-04-01,50,0.15,67.5,25,7%,1,876,0.82,0.34,42.15,20.3
CUST_057,2024-02-01,75,0,75,0,0%,0,1383,0.71,0.31,70.48,42.61
CUST_057,2024-10-01,100,0.2,80,0,0%,0,1111,0.66,0.34,85.13,33.04
CUST_057,2024-10-01,150,0.1,185,50,0%,0,1399,0.81,0.26,125.53,56.3
CUST_058,2023-03-01,50,0,50,0,5%,1,767,0.68,0.21,47.72,24.16
CUST_058,2023-05-01,75,0,100,25,0%,0,1229,0.77,0.26,68.37,39.18
CUST_058,2024-05-01,100,0,125,25,0%,0,1049,0.78,0.34,97.56,44.24
CUST_058,2024-07-01,100,0,150,50,0%,0,1244,0.74,0.13,107.26,64.62
CUST_058,2024-12-01,200,0.2,160,0,0%,0,1297,0.64,0.19,175.63,69.5
CUST_059,2023-06-01,75,0.15,63.75,0,0%,0,475,0.6,0.3,63.18,29.92
CUST_059,2023-06-01,200,0.2,160,0,16%,1,1230,0.77,0.19,163.83,70.79
CUST_059,2024-08-01,75,0.15,88.75,25,0%,0,1090,0.62,0.25,57.94,31.74
CUST_060,2023-02-01,200,0.1,180,0,0%,0,1059,0.77,0.24,168.16,72.2
CUST_060,2023-09-01,200,0,250,50,0%,0,627,0.78,0.19,206.64,117.54
CUST_061,2023-08-01,200,0.15,195,25,0%,0,340,0.72,0.32,163.17,90.29
CUST_061,2023-10-01,150,0,150,0,0%,0,1493,0.66,0.34,152.1,73.82
CUST_061,2023-12-01,150,0.1,135,0,0%,0,1114,0.64,0.17,134.37,64.44
CUST_061,2024-02-01,300,0,300,0,0%,0,828,0.75,0.21,301.45,176.15
CUST_062,2024-06-01,150,0.2,120,0,0%,0,344,0.66,0.18,128.8,55.72
CUST_062,2024-06-01,50,0.15,42.5,0,4%,1,524,0.81,0.28,46.6,23.58
CUST_062,2024-07-01,100,0,150,50,15%,1,1232,0.73,0.19,95.28,44.06
CUST_063,2023-01-01,100,0.2,130,50,0%,0,400,0.69,0.35,73.8,49.78
CUST_063,2023-02-01,100,0,100,0,10%,1,1452,0.71,0.12,96.98,46.61
CUST_063,2023-05-01,300,0,325,25,0%,0,805,0.75,0.2,281.94,169.59
CUST_063,2023-07-01,50,0.15,42.5,0,0%,0,1498,0.73,0.27,43.97,26.53
CUST_063,2023-11-01,150,0.15,127.5,0,13%,1,1292,0.63,0.2,124.79,60.64
CUST_063,2024-02-01,300,0.15,280,25,0%,0,498,0.71,0.18,244.22,124.74
CUST_063,2024-11-01,150,0.15,152.5,25,0%,0,1099,0.83,0.24,120.26,66.76
CUST_064,2023-01-01,150,0.1,135,0,14%,1,1306,0.81,0.28,124.7,69.6
CUST_064,2024-10-01,300,0.1,320,50,0%,0,867,0.67,0.25,263.83,172.56
CUST_064,2024-10-01,200,0.2,160,0,0%,0,1431,0.65,0.11,155.47,71.35
CUST_064,2024-11-01,75,0.2,85,25,0%,0,691,0.79,0.33,62.39,37.69
CUST_065,2023-09-01,75,0.1,67.5,0,0%,0,470,0.77,0.24,71.68,32.5
CUST_065,2024-03-01,300,0.1,270,0,0%,0,856,0.68,0.29,265.16,140.38
CUST_065,2024-04-01,300,0,300,0,0%,0,1179,0.61,0.25,275.15,154.07
CUST_065,2024-05-01,150,0.15,152.5,25,0%,0,999,0.64,0.25,115.57,60.94
CUST_066,2023-03-01,100,0,150,50,0%,0,410,0.81,0.25,106.64,52.48
CUST_066,2023-04-01,300,0.2,265,25,27%,1,1374,0.68,0.22,259.98,114.16
CUST_066,2023-06-01,50,0,100,50,0%,0,901,0.64,0.18,49.75,27.94
CUST_066,2023-08-01,75,0,100,25,0%,0,583,0.84,0.17,74.71,32.21
CUST_067,2023-10-01,75,0.2,85,25,0%,0,777,0.76,0.28,57.9,29.56
CUST_067,2024-08-01,200,0.15,170,0,0%,0,734,0.78,0.28,183.45,81.49
CUST_068,2023-02-01,100,0.1,90,0,0%,0,588,0.83,0.29,90.02,45.77
CUST_068,2023-08-01,75,0.1,67.5,0,0%,0,631,0.78,0.15,70.15,35.89
CUST_068,2023-09-01,150,0,150,0,0%,0,700,0.65,0.22,146.17,77.9
CUST_069,2023-04-01,50,0,100,50,0%,0,1139,0.81,0.11,48.14,25.05
CUST_069,2023-04-01,200,0,225,25,23%,1,806,0.77,0.16,213.33,127.01
CUST_069,2024-05-01,200,0,250,50,25%,1,550,0.77,0.27,193.84,126.48
CUST_069,2024-10-01,200,0.2,160,0,16%,1,591,0.68,0.3,164.62,92.12
CUST_070,2023-05-01,200,0,200,0,0%,0,582,0.73,0.32,198.37,85.5
CUST_070,2023-08-01,300,0,325,25,0%,0,1242,0.6,0.29,296.98,185.6
CUST_070,2023-09-01,300,0,350,50,35%,1,1314,0.6,0.16,317,132.61
CUST_070,2024-02-01,75,0.2,60,0,0%,0,945,0.83,0.27,60.04,35.86
CUST_070,2024-02-01,50,0,50,0,0%,0,937,0.8,0.23,48.24,25.95
CUST_070,2024-06-01,150,0.15,152.5,25,0%,0,898,0.82,0.12,122.65,57.88
CUST_070,2024-06-01,100,0.2,80,0,0%,0,571,0.72,0.23,83.01,37.18
CUST_070,2024-07-01,200,0.15,195,25,0%,0,959,0.78,0.29,164.38,77.09
CUST_071,2023-03-01,50,0,50,0,0%,0,1352,0.77,0.2,53.92,23.29
CUST_071,2023-10-01,300,0.15,305,50,0%,0,1234,0.68,0.34,277.36,109.43
CUST_071,2024-02-01,200,0.2,185,25,0%,0,672,0.78,0.26,149.81,70.32
CUST_071,2024-04-01,200,0.15,220,50,0%,0,1104,0.75,0.17,179.19,99.43
CUST_072,2023-02-01,75,0,125,50,0%,0,1410,0.79,0.18,78.47,41.25
CUST_072,2024-01-01,150,0.1,135,0,0%,0,1103,0.79,0.11,137.8,69.56
CUST_072,2024-01-01,75,0,100,25,0%,0,350,0.84,0.34,78.09,44.43
CUST_072,2024-05-01,50,0.15,42.5,0,0%,0,327,0.77,0.17,40.52,25.84
CUST_072,2024-07-01,100,0.2,80,0,0%,0,309,0.77,0.23,82.2,34.96
CUST_073,2023-03-01,200,0.2,185,25,0%,0,431,0.66,0.16,169.03,86.4
CUST_073,2023-08-01,50,0.2,65,25,7%,1,353,0.64,0.21,42.21,20.71
CUST_073,2024-02-01,150,0.15,152.5,25,15%,1,734,0.68,0.22,122.78,52.21
CUST_073,2024-05-01,200,0.2,210,50,0%,0,1400,0.71,0.29,175.15,85.35
CUST_073,2024-12-01,200,0.2,160,0,0%,0,1304,0.63,0.15,169.63,84.3
CUST_074,2023-04-01,150,0,175,25,18%,1,1450,0.69,0.25,137.42,88.28
CUST_074,2023-10-01,75,0,100,25,0%,0,451,0.74,0.19,81.67,42.78
CUST_074,2023-10-01,50,0.15,92.5,50,9%,1,898,0.61,0.2,42.16,20.62
CUST_074,2023-12-01,75,0,100,25,0%,0,1003,0.63,0.19,74.83,38.94
CUST_074,2024-09-01,50,0,75,25,0%,0,1355,0.79,0.16,49.55,28.44
CUST_074,2024-11-01,300,0.15,280,25,0%,0,1460,0.72,0.34,256.55,123.51
CUST_075,2023-05-01,150,0.1,185,50,0%,0,1331,0.78,0.25,126.84,64.33
CUST_075,2024-01-01,75,0.15,113.75,50,0%,0,319,0.78,0.32,62.77,25.85
CUST_075,2024-03-01,50,0.15,67.5,25,0%,0,1230,0.79,0.22,40.33,21.17
CUST_075,2024-05-01,50,0.1,95,50,10%,1,459,0.84,0.2,41.9,25.93
CUST_075,2024-05-01,200,0.2,210,50,0%,0,813,0.81,0.22,174.31,91.43
CUST_075,2024-06-01,100,0,150,50,0%,0,1349,0.8,0.1,108.3,60.67
CUST_075,2024-12-01,100,0,100,0,0%,0,1456,0.82,0.13,106.66,50.29
CUST_075,2024-12-01,75,0.1,117.5,50,0%,0,430,0.76,0.1,66.64,41.94
CUST_076,2023-02-01,300,0,350,50,0%,0,1023,0.74,0.18,272.12,176.51
CUST_076,2023-03-01,200,0.15,170,0,17%,1,598,0.65,0.23,167.87,100.08
CUST_076,2023-07-01,75,0.15,63.75,0,0%,0,687,0.63,0.27,64.61,32.34
CUST_076,2023-12-01,75,0,100,25,10%,1,687,0.8,0.34,82.38,35.27
CUST_077,2023-06-01,50,0.2,90,50,9%,1,1343,0.69,0.22,41.51,23.64
CUST_077,2023-08-01,200,0.2,185,25,0%,0,419,0.83,0.26,168.26,79.93
CUST_077,2023-09-01,150,0.1,135,0,0%,0,695,0.74,0.29,124.18,79.45
CUST_077,2024-04-01,50,0.2,65,25,0%,0,751,0.64,0.11,39.21,22.88
CUST_077,2024-05-01,300,0.1,320,50,0%,0,928,0.66,0.12,282.59,108.59
CUST_077,2024-05-01,50,0.1,45,0,0%,0,516,0.69,0.18,42.18,24.17
CUST_077,2024-08-01,150,0.2,170,50,17%,1,554,0.85,0.22,120.38,51.26
CUST_077,2024-08-01,100,0.2,80,0,0%,0,814,0.63,0.3,74.53,42.88
CUST_077,2024-11-01,75,0,75,0,0%,0,576,0.8,0.15,70.04,34.21
CUST_077,2024-12-01,200,0.1,180,0,0%,0,724,0.85,0.15,171.49,92.53
CUST_078,2023-04-01,200,0.1,205,25,0%,0,844,0.8,0.16,173.76,111.49
CUST_078,2024-05-01,75,0,125,50,0%,0,303,0.78,0.24,76.98,30.54
CUST_078,2024-07-01,150,0.2,170,50,0%,0,866,0.79,0.22,111.29,58.31
CUST_079,2023-04-01,100,0,150,50,0%,0,534,0.81,0.25,95.3,51.23
CUST_079,2023-11-01,75,0,125,50,0%,0,1238,0.84,0.29,75.85,36.3
CUST_079,2024-01-01,150,0.2,120,0,0%,0,680,0.69,0.19,112.95,75.56
CUST_079,2024-08-01,50,0.1,70,25,0%,0,817,0.78,0.25,43.75,28.16
CUST_080,2023-01-01,300,0.1,270,0,0%,0,514,0.62,0.14,292.44,136.42
CUST_080,2023-03-01,100,0.1,140,50,0%,0,623,0.66,0.29,83.28,53.96
CUST_080,2023-05-01,300,0.15,255,0,0%,0,711,0.67,0.26,260.84,126.99
CUST_080,2023-06-01,100,0.15,110,25,0%,0,319,0.62,0.27,85.25,38.53
CUST_080,2023-09-01,200,0.15,170,0,0%,0,832,0.65,0.3,182.51,102.07
CUST_080,2024-06-01,300,0,300,0,30%,1,1179,0.81,0.19,286.93,155.79
CUST_080,2024-07-01,75,0,125,50,0%,0,686,0.66,0.29,75.24,44.5
CUST_080,2024-07-01,50,0,50,0,5%,1,396,0.64,0.34,53.72,29.22
CUST_080,2024-07-01,300,0,350,50,0%,0,1350,0.84,0.14,298.39,164.39
